"asset","model","feature_set","n","accuracy","balanced_accuracy","f1","auc","positive_rate_actual","positive_rate_predicted"
"ADA","historical_positive_rate","naive",5040,0.524404761904762,0.5,0,0.5,0.475595238095238,0
"AVAX","historical_positive_rate","naive",5040,0.544444444444444,0.5,0,0.5,0.455555555555556,0
"BNB","historical_positive_rate","naive",5040,0.492063492063492,0.5,0,0.5,0.507936507936508,0
"BTC","historical_positive_rate","naive",5040,0.500992063492063,0.5,0,0.5,0.499007936507937,0
"DOGE","historical_positive_rate","naive",5040,0.505357142857143,0.5,0,0.5,0.494642857142857,0
"DOT","historical_positive_rate","naive",5040,0.528769841269841,0.5,0,0.5,0.471230158730159,0
"ETH","historical_positive_rate","naive",5040,0.503769841269841,0.5,0,0.5,0.496230158730159,0
"LINK","historical_positive_rate","naive",5040,0.539880952380952,0.5,0,0.5,0.460119047619048,0
"LTC","historical_positive_rate","naive",5040,0.511507936507936,0.5,0,0.5,0.488492063492063,0
"SOL","historical_positive_rate","naive",5040,0.502579365079365,0.5,0,0.5,0.497420634920635,0
"TRX","historical_positive_rate","naive",5040,0.520238095238095,0.5,0,0.5,0.479761904761905,0
"XRP","historical_positive_rate","naive",5040,0.514880952380952,0.5,0,0.5,0.485119047619048,0
"ADA","glmnet_logistic","lagged_returns",5040,0.509722222222222,0.509434797659011,0.494165813715455,0.51443308423586,0.475595238095238,0.493650793650794
"AVAX","glmnet_logistic","lagged_returns",5040,0.505952380952381,0.505430918011804,0.479515050167224,0.509705210481405,0.455555555555556,0.493650793650794
"BNB","glmnet_logistic","lagged_returns",5040,0.516269841269841,0.516374747983871,0.517036450079239,0.518109091481855,0.507936507936508,0.493650793650794
"BTC","glmnet_logistic","lagged_returns",5040,0.512103174603175,0.512090624569415,0.508494903058165,0.514674172785072,0.499007936507937,0.493650793650794
"DOGE","glmnet_logistic","lagged_returns",5040,0.511309523809524,0.511242787224724,0.505520979722947,0.510584721633609,0.494642857142857,0.493650793650794
"DOT","glmnet_logistic","lagged_returns",5040,0.518055555555556,0.517748987854251,0.500514085955172,0.520960758368717,0.471230158730159,0.493650793650794
"ETH","glmnet_logistic","lagged_returns",5040,0.514087301587302,0.514040228729304,0.50912006414111,0.515927854931285,0.496230158730159,0.493650793650794
"LINK","glmnet_logistic","lagged_returns",5040,0.518849206349206,0.518460224795598,0.495527355939255,0.520208006372109,0.460119047619048,0.493650793650794
"LTC","glmnet_logistic","lagged_returns",5040,0.516666666666667,0.516529290207272,0.507878787878788,0.520440249590517,0.488492063492063,0.493650793650794
"SOL","glmnet_logistic","lagged_returns",5040,0.51765873015873,0.517626445400175,0.513313313313313,0.516087525004996,0.497420634920635,0.493650793650794
"TRX","glmnet_logistic","lagged_returns",5040,0.492857142857143,0.492588007941961,0.479005299633102,0.490340845640912,0.479761904761905,0.493650793650794
"XRP","glmnet_logistic","lagged_returns",5040,0.510912698412698,0.510733241131482,0.500304074599635,0.508295250816617,0.485119047619048,0.493650793650794
"ADA","random_forest","lagged_returns",5040,0.508730158730159,0.515478343388941,0.558645276292335,0.517669725572908,0.475595238095238,0.6375
"AVAX","random_forest","lagged_returns",5040,0.495833333333333,0.508510808504587,0.540589405170855,0.511313010458041,0.455555555555556,0.641865079365079
"BNB","random_forest","lagged_returns",5040,0.517261904761905,0.514913054435484,0.582460957611121,0.5221630859375,0.507936507936508,0.648214285714286
"BTC","random_forest","lagged_returns",5040,0.513492063492063,0.513790130504104,0.576657458563536,0.51770297029703,0.499007936507937,0.650198412698413
"DOGE","random_forest","lagged_returns",5040,0.511309523809524,0.512935158372772,0.573654145750389,0.517108524205427,0.494642857142857,0.651587301587302
"DOT","random_forest","lagged_returns",5040,0.509523809523809,0.518111977880912,0.561857497341368,0.52732323491656,0.471230158730159,0.648214285714286
"ETH","random_forest","lagged_returns",5040,0.514880952380952,0.515976909748113,0.575004345558839,0.524607801621376,0.496230158730159,0.645238095238095
"LINK","random_forest","lagged_returns",5040,0.499801587301587,0.511076705400429,0.545520100955471,0.516747070799853,0.460119047619048,0.64047619047619
"LTC","random_forest","lagged_returns",5040,0.514880952380952,0.518320204895639,0.573521716378859,0.52330497258878,0.488492063492063,0.649007936507937
"SOL","random_forest","lagged_returns",5040,0.51547619047619,0.516265786236753,0.578820282856157,0.520477286574299,0.497420634920635,0.65297619047619
"TRX","random_forest","lagged_returns",5040,0.495833333333333,0.50223769857268,0.55693112467306,0.50182397591418,0.479761904761905,0.658134920634921
"XRP","random_forest","lagged_returns",5040,0.506349206349206,0.511053583460406,0.568055555555556,0.519310141021549,0.485119047619048,0.657738095238095
"ADA","xgboost","lagged_returns",5040,0.517460317460318,0.515783776258348,0.486919831223629,0.520394076275506,0.475595238095238,0.464880952380952
"AVAX","xgboost","lagged_returns",5040,0.513293650793651,0.510252968783332,0.471222246173744,0.517344145224043,0.455555555555556,0.464880952380952
"BNB","xgboost","lagged_returns",5040,0.522420634920635,0.522983870967742,0.509076075871915,0.52748283140121,0.507936507936508,0.464880952380952
"BTC","xgboost","lagged_returns",5040,0.516071428571429,0.516002204594217,0.498044865198601,0.524828140070468,0.499007936507937,0.465079365079365
"DOGE","xgboost","lagged_returns",5040,0.510714285714286,0.510339197101708,0.490074441687345,0.513848119060027,0.494642857142857,0.464880952380952
"DOT","xgboost","lagged_returns",5040,0.517460317460318,0.515490866001777,0.484527342094108,0.523321496988249,0.471230158730159,0.464880952380952
"ETH","xgboost","lagged_returns",5040,0.513492063492063,0.513228028993208,0.493806771263419,0.520726408137021,0.496230158730159,0.464880952380952
"LINK","xgboost","lagged_returns",5040,0.515674603174603,0.512016166722055,0.469693678036063,0.517787403769795,0.460119047619048,0.453174603174603
"LTC","xgboost","lagged_returns",5040,0.508531746031746,0.507727544006368,0.484495317377732,0.515052380355177,0.488492063492063,0.464880952380952
"SOL","xgboost","lagged_returns",5040,0.516269841269841,0.516089099750859,0.497319587628866,0.519231583858918,0.497420634920635,0.464880952380952
"TRX","xgboost","lagged_returns",5040,0.494047619047619,0.492622077364087,0.464510709785804,0.490838322295471,0.479761904761905,0.465079365079365
"XRP","xgboost","lagged_returns",5040,0.513095238095238,0.512060711372744,0.487468671679198,0.518216564023153,0.485119047619048,0.464880952380952
"ADA","glmnet_logistic","lagged_returns_plus_node_network",5040,0.510515873015873,0.510502155314271,0.497862812945247,0.514163324662828,0.475595238095238,0.499206349206349
"AVAX","glmnet_logistic","lagged_returns_plus_node_network",5040,0.50297619047619,0.5026976818602,0.478016253386122,0.509245703009925,0.455555555555556,0.496626984126984
"BNB","glmnet_logistic","lagged_returns_plus_node_network",5040,0.516269841269841,0.516305443548387,0.519132149901381,0.517854870211694,0.507936507936508,0.498015873015873
"BTC","glmnet_logistic","lagged_returns_plus_node_network",5040,0.512698412698413,0.512683896620278,0.508603441376551,0.514280337775328,0.499007936507937,0.49265873015873
"DOGE","glmnet_logistic","lagged_returns_plus_node_network",5040,0.511706349206349,0.511677927880043,0.507701540308062,0.509554274544303,0.494642857142857,0.497222222222222
"DOT","glmnet_logistic","lagged_returns_plus_node_network",5040,0.515873015873016,0.515433198380567,0.497114591920857,0.518583430433495,0.471230158730159,0.491468253968254
"ETH","glmnet_logistic","lagged_returns_plus_node_network",5040,0.512103174603175,0.512187641682201,0.515658853653733,0.515771005500911,0.496230158730159,0.511111111111111
"LINK","glmnet_logistic","lagged_returns_plus_node_network",5040,0.517063492063492,0.517220525708483,0.497315159025196,0.519555866807586,0.460119047619048,0.500595238095238
"LTC","glmnet_logistic","lagged_returns_plus_node_network",5040,0.517460317460318,0.517442157252614,0.511254019292605,0.521121985128176,0.488492063492063,0.498809523809524
"SOL","glmnet_logistic","lagged_returns_plus_node_network",5040,0.521031746031746,0.521055848204577,0.521980198019802,0.516273030067725,0.497420634920635,0.504563492063492
"TRX","glmnet_logistic","lagged_returns_plus_node_network",5040,0.492261904761905,0.491774600488707,0.475507276081164,0.490170813987895,0.479761904761905,0.488293650793651
"XRP","glmnet_logistic","lagged_returns_plus_node_network",5040,0.510912698412698,0.51087509013322,0.502723421424249,0.507820687100803,0.485119047619048,0.498412698412698
"ADA","random_forest","lagged_returns_plus_node_network",5040,0.50734126984127,0.513202750127027,0.550099655734735,0.517856773609211,0.475595238095238,0.619444444444444
"AVAX","random_forest","lagged_returns_plus_node_network",5040,0.496230158730159,0.507133079712721,0.532498619038851,0.510310188971059,0.455555555555556,0.62202380952381
"BNB","random_forest","lagged_returns_plus_node_network",5040,0.517857142857143,0.515580897177419,0.581323225361819,0.523285896547379,0.507936507936508,0.643650793650794
"BTC","random_forest","lagged_returns_plus_node_network",5040,0.515079365079365,0.515386099246107,0.579635362917097,0.522530323012421,0.499007936507937,0.654563492063492
"DOGE","random_forest","lagged_returns_plus_node_network",5040,0.517460317460318,0.518854913900264,0.570924488355681,0.522528253826064,0.494642857142857,0.629960317460317
"DOT","random_forest","lagged_returns_plus_node_network",5040,0.510912698412698,0.517913301076331,0.552062511357441,0.52086390836378,0.471230158730159,0.620634920634921
"ETH","random_forest","lagged_returns_plus_node_network",5040,0.531746031746032,0.532742712288854,0.584945480126627,0.535644505490439,0.496230158730159,0.631944444444444
"LINK","random_forest","lagged_returns_plus_node_network",5040,0.501984126984127,0.512269811770176,0.542304886943837,0.517312047117599,0.460119047619048,0.62797619047619
"LTC","random_forest","lagged_returns_plus_node_network",5040,0.514087301587302,0.51729768036608,0.569065634348056,0.515700478144444,0.488492063492063,0.639087301587302
"SOL","random_forest","lagged_returns_plus_node_network",5040,0.514880952380952,0.515589669100226,0.572477705892639,0.521117814454309,0.497420634920635,0.637301587301587
"TRX","random_forest","lagged_returns_plus_node_network",5040,0.498015873015873,0.504576659038902,0.560305874174487,0.50561041363433,0.479761904761905,0.661904761904762
"XRP","random_forest","lagged_returns_plus_node_network",5040,0.508134920634921,0.512598555504332,0.566532610596258,0.518123574122014,0.485119047619048,0.649603174603175
"ADA","xgboost","lagged_returns_plus_node_network",5040,0.517460317460318,0.515783776258348,0.486919831223629,0.520442219440968,0.475595238095238,0.464880952380952
"AVAX","xgboost","lagged_returns_plus_node_network",5040,0.513293650793651,0.510252968783332,0.471222246173744,0.517401127324997,0.455555555555556,0.464880952380952
"BNB","xgboost","lagged_returns_plus_node_network",5040,0.522420634920635,0.522983870967742,0.509076075871915,0.527486769153226,0.507936507936508,0.464880952380952
"BTC","xgboost","lagged_returns_plus_node_network",5040,0.516071428571429,0.516002204594217,0.498044865198601,0.524829714780623,0.499007936507937,0.465079365079365
"DOGE","xgboost","lagged_returns_plus_node_network",5040,0.510714285714286,0.510339197101708,0.490074441687345,0.513898594116136,0.494642857142857,0.464880952380952
"DOT","xgboost","lagged_returns_plus_node_network",5040,0.517460317460318,0.515490866001777,0.484527342094108,0.523371343932063,0.471230158730159,0.464880952380952
"ETH","xgboost","lagged_returns_plus_node_network",5040,0.513492063492063,0.513228028993208,0.493806771263419,0.520776880267979,0.496230158730159,0.464880952380952
"LINK","xgboost","lagged_returns_plus_node_network",5040,0.516071428571429,0.512415532870924,0.47012817727569,0.517715137514285,0.460119047619048,0.453174603174603
"LTC","xgboost","lagged_returns_plus_node_network",5040,0.508531746031746,0.507727544006368,0.484495317377732,0.515103821689368,0.488492063492063,0.464880952380952
"SOL","xgboost","lagged_returns_plus_node_network",5040,0.516269841269841,0.516089099750859,0.497319587628866,0.51927969234505,0.497420634920635,0.464880952380952
"TRX","xgboost","lagged_returns_plus_node_network",5040,0.494047619047619,0.492622077364087,0.464510709785804,0.490840215041145,0.479761904761905,0.465079365079365
"XRP","xgboost","lagged_returns_plus_node_network",5040,0.513095238095238,0.512060711372744,0.487468671679198,0.518269048153796,0.485119047619048,0.464880952380952
"ADA","glmnet_logistic","lagged_returns_plus_aggregate_signals",5040,0.513095238095238,0.512825576048759,0.49774866966844,0.515451825186326,0.475595238095238,0.493849206349206
"AVAX","glmnet_logistic","lagged_returns_plus_aggregate_signals",5040,0.505952380952381,0.505466472303207,0.479732553280401,0.510287253278614,0.455555555555556,0.494047619047619
"BNB","glmnet_logistic","lagged_returns_plus_aggregate_signals",5040,0.517063492063492,0.517162298387097,0.518019801980198,0.518626984627016,0.507936507936508,0.494047619047619
"BTC","glmnet_logistic","lagged_returns_plus_aggregate_signals",5040,0.511706349206349,0.511694584965455,0.508291708291708,0.514918882743145,0.499007936507937,0.494047619047619
"DOGE","glmnet_logistic","lagged_returns_plus_aggregate_signals",5040,0.511706349206349,0.511643910369529,0.506120810756572,0.511013247772995,0.494642857142857,0.494047619047619
"DOT","glmnet_logistic","lagged_returns_plus_aggregate_signals",5040,0.520238095238095,0.519950232052928,0.502878289473684,0.521998775550509,0.471230158730159,0.493849206349206
"ETH","glmnet_logistic","lagged_returns_plus_aggregate_signals",5040,0.5125,0.512455829011444,0.507713884992987,0.516065806839927,0.496230158730159,0.494047619047619
"LINK","glmnet_logistic","lagged_returns_plus_aggregate_signals",5040,0.518650793650794,0.51830832302826,0.495634095634096,0.520550795649888,0.460119047619048,0.494246031746032
"LTC","glmnet_logistic","lagged_returns_plus_aggregate_signals",5040,0.515277777777778,0.51515337237728,0.506763577629719,0.520744170979966,0.488492063492063,0.494246031746032
"SOL","glmnet_logistic","lagged_returns_plus_aggregate_signals",5040,0.518055555555556,0.518025328527419,0.513908345007004,0.516782932778351,0.497420634920635,0.494047619047619
"TRX","glmnet_logistic","lagged_returns_plus_aggregate_signals",5040,0.494047619047619,0.493796526054591,0.480440097799511,0.490930435918256,0.479761904761905,0.494047619047619
"XRP","glmnet_logistic","lagged_returns_plus_aggregate_signals",5040,0.513690476190476,0.513525302315685,0.503343465045593,0.509044686375797,0.485119047619048,0.494047619047619
"ADA","random_forest","lagged_returns_plus_aggregate_signals",5040,0.50218253968254,0.50857532377068,0.549955156950673,0.511759086548942,0.475595238095238,0.630555555555556
"AVAX","random_forest","lagged_returns_plus_aggregate_signals",5040,0.501388888888889,0.514039500817749,0.545322960014474,0.51054454571774,0.455555555555556,0.641071428571429
"BNB","random_forest","lagged_returns_plus_aggregate_signals",5040,0.521626984126984,0.519153225806452,0.589057439918186,0.522094962827621,0.507936507936508,0.656150793650794
"BTC","random_forest","lagged_returns_plus_aggregate_signals",5040,0.514285714285714,0.514594020038187,0.579236851151599,0.515593016160463,0.499007936507937,0.655357142857143
"DOGE","random_forest","lagged_returns_plus_aggregate_signals",5040,0.513293650793651,0.514817460621188,0.571827544074009,0.516636373758577,0.494642857142857,0.642063492063492
"DOT","random_forest","lagged_returns_plus_aggregate_signals",5040,0.511507936507936,0.519667423718772,0.560670949321913,0.522159533919226,0.471230158730159,0.640674603174603
"ETH","random_forest","lagged_returns_plus_aggregate_signals",5040,0.513492063492063,0.51455652477095,0.572226099092812,0.525880392230662,0.496230158730159,0.641071428571429
"LINK","random_forest","lagged_returns_plus_aggregate_signals",5040,0.499801587301587,0.510949288581504,0.544863693807547,0.515748338470418,0.460119047619048,0.638888888888889
"LTC","random_forest","lagged_returns_plus_aggregate_signals",5040,0.508531746031746,0.51188539028296,0.5665791776028,0.512649999149209,0.488492063492063,0.645436507936508
"SOL","random_forest","lagged_returns_plus_aggregate_signals",5040,0.509920634920635,0.510669139437605,0.571031608197291,0.511053534902904,0.497420634920635,0.645039682539683
"TRX","random_forest","lagged_returns_plus_aggregate_signals",5040,0.489484126984127,0.495990691476777,0.552443903287528,0.499093217093512,0.479761904761905,0.660912698412698
"XRP","random_forest","lagged_returns_plus_aggregate_signals",5040,0.502777777777778,0.507467167866473,0.56477943730462,0.510563573964404,0.485119047619048,0.65734126984127
"ADA","xgboost","lagged_returns_plus_aggregate_signals",5040,0.517460317460318,0.515783776258348,0.486919831223629,0.520449638223842,0.475595238095238,0.464880952380952
"AVAX","xgboost","lagged_returns_plus_aggregate_signals",5040,0.513293650793651,0.510252968783332,0.471222246173744,0.517349383133044,0.455555555555556,0.464880952380952
"BNB","xgboost","lagged_returns_plus_aggregate_signals",5040,0.522420634920635,0.522983870967742,0.509076075871915,0.527485666582661,0.507936507936508,0.464880952380952
"BTC","xgboost","lagged_returns_plus_aggregate_signals",5040,0.516071428571429,0.516002204594217,0.498044865198601,0.524829793516131,0.499007936507937,0.465079365079365
"DOGE","xgboost","lagged_returns_plus_aggregate_signals",5040,0.510714285714286,0.510339197101708,0.490074441687345,0.513850875108332,0.494642857142857,0.464880952380952
"DOT","xgboost","lagged_returns_plus_aggregate_signals",5040,0.517460317460318,0.515490866001777,0.484527342094108,0.52332094401106,0.471230158730159,0.464880952380952
"ETH","xgboost","lagged_returns_plus_aggregate_signals",5040,0.513492063492063,0.513228028993208,0.493806771263419,0.520728297889194,0.496230158730159,0.464880952380952
"LINK","xgboost","lagged_returns_plus_aggregate_signals",5040,0.515674603174603,0.512016166722055,0.469693678036063,0.517794218350906,0.460119047619048,0.453174603174603
"LTC","xgboost","lagged_returns_plus_aggregate_signals",5040,0.508531746031746,0.507727544006368,0.484495317377732,0.515054034670671,0.488492063492063,0.464880952380952
"SOL","xgboost","lagged_returns_plus_aggregate_signals",5040,0.516269841269841,0.516089099750859,0.497319587628866,0.519284574057227,0.497420634920635,0.464880952380952
"TRX","xgboost","lagged_returns_plus_aggregate_signals",5040,0.494047619047619,0.492622077364087,0.464510709785804,0.490839899583533,0.479761904761905,0.465079365079365
"XRP","xgboost","lagged_returns_plus_aggregate_signals",5040,0.513095238095238,0.512060711372744,0.487468671679198,0.518219006978183,0.485119047619048,0.464880952380952
"ADA","glmnet_logistic","lagged_returns_plus_pair_signals",5040,0.513293650793651,0.512840018998398,0.495993425107869,0.516363230554778,0.475595238095238,0.490079365079365
"AVAX","glmnet_logistic","lagged_returns_plus_pair_signals",5040,0.508531746031746,0.507799722676527,0.480821630685391,0.512628281153178,0.455555555555556,0.491071428571429
"BNB","glmnet_logistic","lagged_returns_plus_pair_signals",5040,0.51031746031746,0.510446068548387,0.51031746031746,0.517641444052419,0.507936507936508,0.492063492063492
"BTC","glmnet_logistic","lagged_returns_plus_pair_signals",5040,0.512103174603175,0.512081176308486,0.506125728057843,0.515270358049721,0.499007936507937,0.488888888888889
"DOGE","glmnet_logistic","lagged_returns_plus_pair_signals",5040,0.512103174603175,0.512036529136706,0.506324031319012,0.512189214212831,0.494642857142857,0.493650793650794
"DOT","glmnet_logistic","lagged_returns_plus_pair_signals",5040,0.516269841269841,0.516174977782166,0.500614502253175,0.518623560778118,0.471230158730159,0.497420634920635
"ETH","glmnet_logistic","lagged_returns_plus_pair_signals",5040,0.512301587301587,0.512225987903381,0.505432595573441,0.518157762495632,0.496230158730159,0.489880952380952
"LINK","glmnet_logistic","lagged_returns_plus_pair_signals",5040,0.517460317460318,0.516823536739071,0.492487479131886,0.519112443599436,0.460119047619048,0.490674603174603
"LTC","glmnet_logistic","lagged_returns_plus_pair_signals",5040,0.516865079365079,0.516714100881104,0.507782494441075,0.5200159570546,0.488492063492063,0.493055555555556
"SOL","glmnet_logistic","lagged_returns_plus_pair_signals",5040,0.518253968253968,0.518196109716324,0.511468812877264,0.516122956786926,0.497420634920635,0.488690476190476
"TRX","glmnet_logistic","lagged_returns_plus_pair_signals",5040,0.496428571428571,0.496004413882911,0.480556692591077,0.492825705252811,0.479761904761905,0.48968253968254
"XRP","glmnet_logistic","lagged_returns_plus_pair_signals",5040,0.516666666666667,0.516439117226379,0.505280259951259,0.51165880586782,0.485119047619048,0.491865079365079
"ADA","random_forest","lagged_returns_plus_pair_signals",5040,0.51031746031746,0.516933529757448,0.558970693352395,0.523229945490887,0.475595238095238,0.634722222222222
"AVAX","random_forest","lagged_returns_plus_pair_signals",5040,0.508134920634921,0.521123693379791,0.552769258524265,0.523203540064607,0.455555555555556,0.644246031746032
"BNB","random_forest","lagged_returns_plus_pair_signals",5040,0.521031746031746,0.518560987903226,0.588475963177634,0.527141664566532,0.507936507936508,0.655952380952381
"BTC","random_forest","lagged_returns_plus_pair_signals",5040,0.516865079365079,0.517176151014704,0.581974248927039,0.522425447316103,0.499007936507937,0.656746031746032
"DOGE","random_forest","lagged_returns_plus_pair_signals",5040,0.524007936507937,0.525669046475006,0.58587950975315,0.525669046475006,0.494642857142857,0.654761904761905
"DOT","random_forest","lagged_returns_plus_pair_signals",5040,0.509920634920635,0.518853757282512,0.564527503526093,0.525412145748988,0.471230158730159,0.654166666666667
"ETH","random_forest","lagged_returns_plus_pair_signals",5040,0.526984126984127,0.528133134300435,0.588113337940567,0.525652755833468,0.496230158730159,0.65218253968254
"LINK","random_forest","lagged_returns_plus_pair_signals",5040,0.508730158730159,0.520269496080744,0.554676258992806,0.522655708820239,0.460119047619048,0.643055555555556
"LTC","random_forest","lagged_returns_plus_pair_signals",5040,0.524603174603175,0.5280612871898,0.582287308228731,0.528785010830252,0.488492063492063,0.649603174603175
"SOL","random_forest","lagged_returns_plus_pair_signals",5040,0.521031746031746,0.521848102848542,0.585508241758242,0.521552129363483,0.497420634920635,0.658134920634921
"TRX","random_forest","lagged_returns_plus_pair_signals",5040,0.494642857142857,0.501399212239251,0.559266309050009,0.5041603338551,0.479761904761905,0.666865079365079
"XRP","random_forest","lagged_returns_plus_pair_signals",5040,0.515277777777778,0.520291499698571,0.579590431939425,0.520742106694091,0.485119047619048,0.667857142857143
"ADA","xgboost","lagged_returns_plus_pair_signals",5040,0.517460317460318,0.515783776258348,0.486919831223629,0.520394076275506,0.475595238095238,0.464880952380952
"AVAX","xgboost","lagged_returns_plus_pair_signals",5040,0.513293650793651,0.510252968783332,0.471222246173744,0.517344145224043,0.455555555555556,0.464880952380952
"BNB","xgboost","lagged_returns_plus_pair_signals",5040,0.522420634920635,0.522983870967742,0.509076075871915,0.52748283140121,0.507936507936508,0.464880952380952
"BTC","xgboost","lagged_returns_plus_pair_signals",5040,0.516071428571429,0.516002204594217,0.498044865198601,0.524828140070468,0.499007936507937,0.465079365079365
"DOGE","xgboost","lagged_returns_plus_pair_signals",5040,0.510714285714286,0.510339197101708,0.490074441687345,0.513848119060027,0.494642857142857,0.464880952380952
"DOT","xgboost","lagged_returns_plus_pair_signals",5040,0.517460317460318,0.515490866001777,0.484527342094108,0.523321496988249,0.471230158730159,0.464880952380952
"ETH","xgboost","lagged_returns_plus_pair_signals",5040,0.513492063492063,0.513228028993208,0.493806771263419,0.520726408137021,0.496230158730159,0.464880952380952
"LINK","xgboost","lagged_returns_plus_pair_signals",5040,0.515674603174603,0.512016166722055,0.469693678036063,0.517787403769795,0.460119047619048,0.453174603174603
"LTC","xgboost","lagged_returns_plus_pair_signals",5040,0.508531746031746,0.507727544006368,0.484495317377732,0.515052380355177,0.488492063492063,0.464880952380952
"SOL","xgboost","lagged_returns_plus_pair_signals",5040,0.516269841269841,0.516089099750859,0.497319587628866,0.519231583858918,0.497420634920635,0.464880952380952
"TRX","xgboost","lagged_returns_plus_pair_signals",5040,0.494047619047619,0.492622077364087,0.464510709785804,0.490838322295471,0.479761904761905,0.465079365079365
"XRP","xgboost","lagged_returns_plus_pair_signals",5040,0.513095238095238,0.512060711372744,0.487468671679198,0.518216564023153,0.485119047619048,0.464880952380952
"ADA","glmnet_logistic","lagged_returns_plus_all_network",5040,0.512698412698413,0.512563708797935,0.498775510204082,0.514304281537443,0.475595238095238,0.496626984126984
"AVAX","glmnet_logistic","lagged_returns_plus_all_network",5040,0.505952380952381,0.505644243760222,0.480817347789825,0.510511213569549,0.455555555555556,0.496031746031746
"BNB","glmnet_logistic","lagged_returns_plus_all_network",5040,0.513690476190476,0.513709677419355,0.51704433497537,0.515159715221774,0.507936507936508,0.499007936507937
"BTC","glmnet_logistic","lagged_returns_plus_all_network",5040,0.510515873015873,0.510496230537567,0.505115346038114,0.513467629864378,0.499007936507937,0.490079365079365
"DOGE","glmnet_logistic","lagged_returns_plus_all_network",5040,0.514285714285714,0.514251210810765,0.510008006405124,0.509270795290024,0.494642857142857,0.496626984126984
"DOT","glmnet_logistic","lagged_returns_plus_all_network",5040,0.514087301587302,0.513446825318456,0.493485005170631,0.514122958427965,0.471230158730159,0.488095238095238
"ETH","glmnet_logistic","lagged_returns_plus_all_network",5040,0.509920634920635,0.509973560792304,0.511471518987342,0.516650842616872,0.496230158730159,0.506944444444444
"LINK","glmnet_logistic","lagged_returns_plus_all_network",5040,0.513293650793651,0.513378765987126,0.493077082041744,0.517579479806574,0.460119047619048,0.5
"LTC","glmnet_logistic","lagged_returns_plus_all_network",5040,0.518650793650794,0.518633264408773,0.512459807073955,0.520003982961496,0.488492063492063,0.498809523809524
"SOL","glmnet_logistic","lagged_returns_plus_all_network",5040,0.520039682539683,0.520042263029487,0.518989858818851,0.513725248735046,0.497420634920635,0.500396825396825
"TRX","glmnet_logistic","lagged_returns_plus_all_network",5040,0.493055555555556,0.492505200318738,0.475467049887087,0.490424599636971,0.479761904761905,0.486706349206349
"XRP","glmnet_logistic","lagged_returns_plus_all_network",5040,0.510912698412698,0.510768703381917,0.500911115610447,0.508276337616385,0.485119047619048,0.49484126984127
"ADA","random_forest","lagged_returns_plus_all_network",5040,0.504365079365079,0.509471970496605,0.540977581771408,0.516469619058127,0.475595238095238,0.604166666666667
"AVAX","random_forest","lagged_returns_plus_all_network",5040,0.504365079365079,0.514070610822726,0.533955223880597,0.519427087036905,0.455555555555556,0.607936507936508
"BNB","random_forest","lagged_returns_plus_all_network",5040,0.521031746031746,0.518844506048387,0.582063711911357,0.520846616683468,0.507936507936508,0.638095238095238
"BTC","random_forest","lagged_returns_plus_all_network",5040,0.517460317460318,0.517743440348011,0.577337504344804,0.523244060390134,0.499007936507937,0.64265873015873
"DOGE","random_forest","lagged_returns_plus_all_network",5040,0.512103174603175,0.513363212046734,0.56128456735058,0.516302261959714,0.494642857142857,0.617460317460317
"DOT","random_forest","lagged_returns_plus_all_network",5040,0.513293650793651,0.519866890490767,0.551143641354071,0.528040920312037,0.471230158730159,0.613095238095238
"ETH","random_forest","lagged_returns_plus_all_network",5040,0.527579365079365,0.528565336370375,0.580736045078359,0.528717933858359,0.496230158730159,0.630555555555556
"LINK","random_forest","lagged_returns_plus_all_network",5040,0.511111111111111,0.520913711713742,0.547889908256881,0.515896436750624,0.460119047619048,0.621230158730159
"LTC","random_forest","lagged_returns_plus_all_network",5040,0.505753968253968,0.508768029675584,0.558411629143769,0.516004950972391,0.488492063492063,0.630753968253968
"SOL","random_forest","lagged_returns_plus_all_network",5040,0.517063492063492,0.517736441398746,0.571780436312456,0.522298322690938,0.497420634920635,0.630357142857143
"TRX","random_forest","lagged_returns_plus_all_network",5040,0.493650793650794,0.50034921157679,0.557865557865558,0.50360039659331,0.479761904761905,0.66547619047619
"XRP","random_forest","lagged_returns_plus_all_network",5040,0.507142857142857,0.511611522867241,0.565734265734266,0.513815777549243,0.485119047619048,0.649801587301587
"ADA","xgboost","lagged_returns_plus_all_network",5040,0.517460317460318,0.515783776258348,0.486919831223629,0.520449401454176,0.475595238095238,0.464880952380952
"AVAX","xgboost","lagged_returns_plus_all_network",5040,0.513293650793651,0.510252968783332,0.471222246173744,0.517348827597241,0.455555555555556,0.464880952380952
"BNB","xgboost","lagged_returns_plus_all_network",5040,0.522420634920635,0.522983870967742,0.509076075871915,0.527485902847782,0.507936507936508,0.464880952380952
"BTC","xgboost","lagged_returns_plus_all_network",5040,0.516071428571429,0.516002204594217,0.498044865198601,0.524829242367577,0.499007936507937,0.465079365079365
"DOGE","xgboost","lagged_returns_plus_all_network",5040,0.510714285714286,0.510339197101708,0.490074441687345,0.513850796364095,0.494642857142857,0.464880952380952
"DOT","xgboost","lagged_returns_plus_all_network",5040,0.517460317460318,0.515490866001777,0.484527342094108,0.523321417991508,0.471230158730159,0.464880952380952
"ETH","xgboost","lagged_returns_plus_all_network",5040,0.513492063492063,0.513228028993208,0.493806771263419,0.520727904190825,0.496230158730159,0.464880952380952
"LINK","xgboost","lagged_returns_plus_all_network",5040,0.516071428571429,0.512415532870924,0.47012817727569,0.517665137506361,0.460119047619048,0.453174603174603
"LTC","xgboost","lagged_returns_plus_all_network",5040,0.508531746031746,0.507727544006368,0.484495317377732,0.515054034670671,0.488492063492063,0.464880952380952
"SOL","xgboost","lagged_returns_plus_all_network",5040,0.516269841269841,0.516089099750859,0.497319587628866,0.519284731531814,0.497420634920635,0.464880952380952
"TRX","xgboost","lagged_returns_plus_all_network",5040,0.494047619047619,0.492622077364087,0.464510709785804,0.490840136176742,0.479761904761905,0.465079365079365
"XRP","xgboost","lagged_returns_plus_all_network",5040,0.513095238095238,0.512060711372744,0.487468671679198,0.518218455343176,0.485119047619048,0.464880952380952
"ADA","glmnet_logistic","lagged_returns_plus_asset_signal_interactions",5040,0.51765873015873,0.518128032723462,0.509977827050998,0.518649478451672,0.475595238095238,0.508730158730159
"AVAX","glmnet_logistic","lagged_returns_plus_asset_signal_interactions",5040,0.517460317460318,0.513830619355756,0.471763683753258,0.519553590475513,0.455555555555556,0.457936507936508
"BNB","glmnet_logistic","lagged_returns_plus_asset_signal_interactions",5040,0.520634920634921,0.519241431451613,0.562635771180304,0.524991966985887,0.507936507936508,0.588095238095238
"BTC","glmnet_logistic","lagged_returns_plus_asset_signal_interactions",5040,0.511507936507936,0.511523335236108,0.514781237682302,0.51800295258154,0.499007936507937,0.507738095238095
"DOGE","glmnet_logistic","lagged_returns_plus_asset_signal_interactions",5040,0.511111111111111,0.511191052260818,0.512079207920792,0.514865888327128,0.494642857142857,0.50734126984127
"DOT","glmnet_logistic","lagged_returns_plus_asset_signal_interactions",5040,0.522420634920635,0.522953293176657,0.51225937183384,0.530977229189296,0.471230158730159,0.507936507936508
"ETH","glmnet_logistic","lagged_returns_plus_asset_signal_interactions",5040,0.512896825396825,0.512957400734074,0.514918000395179,0.518704688270418,0.496230158730159,0.507936507936508
"LINK","glmnet_logistic","lagged_returns_plus_asset_signal_interactions",5040,0.529960317460317,0.511358163448203,0.352555342989888,0.519319416690874,0.460119047619048,0.265873015873016
"LTC","glmnet_logistic","lagged_returns_plus_asset_signal_interactions",5040,0.516071428571429,0.516230725648949,0.513659022931206,0.524380671544954,0.488492063492063,0.506547619047619
"SOL","glmnet_logistic","lagged_returns_plus_asset_signal_interactions",5040,0.518849206349206,0.518886557040208,0.521034959510172,0.519013402819519,0.497420634920635,0.507142857142857
"TRX","glmnet_logistic","lagged_returns_plus_asset_signal_interactions",5040,0.495833333333333,0.49612413004677,0.489246231155779,0.496168925027713,0.479761904761905,0.50734126984127
"XRP","glmnet_logistic","lagged_returns_plus_asset_signal_interactions",5040,0.510714285714286,0.510942468409045,0.506997201119552,0.513619159071835,0.485119047619048,0.50734126984127
"ADA","random_forest","lagged_returns_plus_asset_signal_interactions",5040,0.506349206349206,0.515693330245857,0.576726777815584,0.515354749623181,0.475595238095238,0.690674603174603
"AVAX","random_forest","lagged_returns_plus_asset_signal_interactions",5040,0.491071428571429,0.507870831259333,0.555073720728534,0.508616439669447,0.455555555555556,0.688293650793651
"BNB","random_forest","lagged_returns_plus_asset_signal_interactions",5040,0.52281746031746,0.518995715725806,0.617950754567117,0.522360052293347,0.507936507936508,0.741071428571429
"BTC","random_forest","lagged_returns_plus_asset_signal_interactions",5040,0.509126984126984,0.509583292325256,0.600581207620278,0.515289175836073,0.499007936507937,0.729960317460317
"DOGE","random_forest","lagged_returns_plus_asset_signal_interactions",5040,0.508531746031746,0.510922455667388,0.596382597360274,0.518183146811858,0.494642857142857,0.723015873015873
"DOT","random_forest","lagged_returns_plus_asset_signal_interactions",5040,0.508531746031746,0.520014614397156,0.579813401187447,0.523499792633554,0.471230158730159,0.698412698412698
"ETH","random_forest","lagged_returns_plus_asset_signal_interactions",5040,0.519047619047619,0.520668928175087,0.602883355176933,0.521621678229063,0.496230158730159,0.714880952380952
"LINK","random_forest","lagged_returns_plus_asset_signal_interactions",5040,0.492261904761905,0.506737877454497,0.555033907146583,0.514762601388685,0.460119047619048,0.680952380952381
"LTC","random_forest","lagged_returns_plus_asset_signal_interactions",5040,0.515277777777778,0.5201976166513,0.596665015684332,0.520762683558121,0.488492063492063,0.713293650793651
"SOL","random_forest","lagged_returns_plus_asset_signal_interactions",5040,0.511309523809524,0.512466475628997,0.599967516647718,0.514507661217364,0.497420634920635,0.724206349206349
"TRX","random_forest","lagged_returns_plus_asset_signal_interactions",5040,0.49047619047619,0.499244794476211,0.574129353233831,0.488428699324101,0.479761904761905,0.716666666666667
"XRP","random_forest","lagged_returns_plus_asset_signal_interactions",5040,0.501587301587302,0.508828918283154,0.594184168012924,0.512597452234319,0.485119047619048,0.743055555555556
"ADA","xgboost","lagged_returns_plus_asset_signal_interactions",5040,0.513095238095238,0.511388857714216,0.482059940903335,0.521818798280295,0.475595238095238,0.464484126984127
"AVAX","xgboost","lagged_returns_plus_asset_signal_interactions",5040,0.5125,0.509417442935362,0.47013155057149,0.518661320613362,0.455555555555556,0.464484126984127
"BNB","xgboost","lagged_returns_plus_asset_signal_interactions",5040,0.521230158730159,0.52179939516129,0.50765149969394,0.528526571950605,0.507936507936508,0.464484126984127
"BTC","xgboost","lagged_returns_plus_asset_signal_interactions",5040,0.512698412698413,0.512627994409779,0.494233937397035,0.525532586658268,0.499007936507937,0.464484126984127
"DOGE","xgboost","lagged_returns_plus_asset_signal_interactions",5040,0.508333333333333,0.507953719176946,0.487381050889532,0.515463163367047,0.494642857142857,0.464484126984127
"DOT","xgboost","lagged_returns_plus_asset_signal_interactions",5040,0.515873015873016,0.513875382640466,0.482612383375742,0.524407386195319,0.471230158730159,0.464484126984127
"ETH","xgboost","lagged_returns_plus_asset_signal_interactions",5040,0.51031746031746,0.510050253234665,0.49029326724494,0.522324429818462,0.496230158730159,0.464484126984127
"LINK","xgboost","lagged_returns_plus_asset_signal_interactions",5040,0.516468253968254,0.511572585035275,0.461436464088398,0.52016109669748,0.460119047619048,0.437698412698413
"LTC","xgboost","lagged_returns_plus_asset_signal_interactions",5040,0.506944444444444,0.506130263007804,0.482615032271497,0.515868981994115,0.488492063492063,0.464484126984127
"SOL","xgboost","lagged_returns_plus_asset_signal_interactions",5040,0.517063492063492,0.516880724496479,0.497937293729373,0.520104701702977,0.497420634920635,0.464484126984127
"TRX","xgboost","lagged_returns_plus_asset_signal_interactions",5040,0.498809523809524,0.497375708123475,0.469327731092437,0.49283083143901,0.479761904761905,0.46468253968254
"XRP","xgboost","lagged_returns_plus_asset_signal_interactions",5040,0.511904761904762,0.510857359008003,0.486000835770999,0.519605580970168,0.485119047619048,0.464484126984127
